binary_user_id,platform,spend,predicted_clv_30,predicted_clv_90,will_deposit
8244543,verizonmedia,6.1138797184374996,77.3809402824,100.0,0
8271509,google,19.254285714285714,57.276,57.276,0
8176161,match2one,11.305277777777778,77.3809402824,100.0,0
8234351,verizonmedia,6.1138797184374996,38.760000000000005,63.213449021935006,0
8262854,adroll,8.9300488235294129,44.0,62.6597204,0
8249401,verizonmedia,13.762797699999998,44.0,62.6597204,0
8253997,bing,30.000000000000004,77.3809402824,100.0,0
8263209,bing,49.23,98.140000000000015,100.0,0
8197198,tradingviewdotcom,28.093333333333334,100.0,123.0,0
8179723,verizonmedia,5.0051753964915262,77.3809402824,100.0,0
8201463,verizonmedia,5.9297682034468089,104.0,149.0,0
8204213,bing,145.395,89.0,121.81,0
8196833,bing,177.26,45.679999999999993,66.0,0
8241979,google,26.792222222222222,22.2398,22.2398,0
8277428,bing,51.43,70.0,100.0,0
8212818,google,67.905,73.7895,91.387,0
8209665,verizonmedia,5.9297682034468089,77.3809402824,100.0,1
8263600,verizonmedia,7.1699963879999995,77.3809402824,100.0,0
8239635,verizonmedia,6.1138797184374996,77.3809402824,100.0,0
8180029,match2one,11.305277777777778,77.3809402824,100.0,0
8230449,adroll,5.3058966071428566,38.760000000000005,63.213449021935006,0
8237645,bing,36.055555555555557,50.0,80.0,0
8265737,fb,1.595,77.3809402824,100.0,0
8227625,tradingviewdotcom,20.726153846153849,100.0,123.0,0
8181978,bing,46.829999999999991,77.3809402824,100.0,0
8187916,match2one,11.305277777777778,77.3809402824,100.0,0
8268444,fb,6.65,45.679999999999993,66.0,0
8262988,bing,36.918461538461536,70.0,99.33,0
8208187,tradingviewdotcom,28.093333333333334,100.0,123.0,0
8194409,match2one,149.89000000000001,45.0,67.84,0
8238815,adroll,5.3058966071428566,89.0,121.81,0
8194051,verizonmedia,23.459021942,77.3809402824,100.0,0
8238312,verizonmedia,6.1138797184374996,77.3809402824,100.0,0
8267885,verizonmedia,7.1699963879999995,104.0,149.0,0
8224201,tradingviewdotcom,20.726153846153849,77.3809402824,100.0,0
8264570,fb,1.595,77.3809402824,100.0,0
8245009,google,27.1375,73.7895,91.387,0
8243680,verizonmedia,6.1138797184374996,77.3809402824,100.0,0
8221789,verizonmedia,5.9297682034468089,104.0,149.0,0
8174058,tradingviewdotcom,44.738666666666667,77.3809402824,100.0,0
8204223,bing,42.437777777777775,100.0,129.83565881286,0
8180619,match2one,17.496190476190481,89.0,121.81,0
8169327,match2one,40.724285714285713,77.3809402824,100.0,0
8271584,google,19.254285714285714,54.46335,65.5271,0
8272905,match2one,131.2225,77.3809402824,100.0,0
8237218,verizonmedia,6.1138797184374996,104.0,149.0,0
8181114,match2one,11.305277777777778,77.3809402824,100.0,0
8214710,verizonmedia,5.9297682034468089,104.0,149.0,0
8267100,fb,1.595,77.3809402824,100.0,0
8272770,verizonmedia,7.1699963879999995,77.3809402824,100.0,0
8224531,verizonmedia,6.1138797184374996,89.0,121.81,0
8211374,bing,98.643333333333331,70.0,100.0,0
8190657,verizonmedia,5.0051753964915262,77.3809402824,100.0,0
8168298,match2one,17.496190476190481,63.8474,65.5665,0
8183771,match2one,17.496190476190481,38.760000000000005,63.213449021935006,0
8182950,bing,48.166,77.3809402824,100.0,0
8256583,verizonmedia,3.5837942,50.0,80.0,1
8256756,adroll,8.9300488235294129,104.0,149.0,0
8209018,verizonmedia,39.38865244,77.3809402824,100.0,0
8276422,verizonmedia,7.1699963879999995,104.0,149.0,0
8256537,google,26.15285714285714,73.7895,91.387,0
8201014,verizonmedia,5.9297682034468089,77.3809402824,100.0,0
8193158,bing,48.166,77.3809402824,100.0,0
8236830,bing,55.606666666666676,45.679999999999993,66.0,1
8224550,adroll,10.154415357142858,77.3809402824,100.0,0
8175248,match2one,17.496190476190481,104.0,149.0,0
8259210,verizonmedia,7.1699963879999995,77.3809402824,100.0,0
8244031,verizonmedia,6.1138797184374996,104.0,149.0,0
8229804,bing,25.543333333333333,85.0,100.0,0
8266111,fb,1.3154,45.0,67.84,0
8172152,verizonmedia,5.0051753964915262,89.0,121.81,0
8265107,adroll,8.9300488235294129,104.0,149.0,0
8181972,match2one,40.724285714285713,77.3809402824,100.0,0
8219706,bing,21.628,77.3809402824,100.0,0
8167145,match2one,11.305277777777778,77.3809402824,100.0,0
8261143,fb,1.3154,40.0,68.0,0
8195188,bing,42.437777777777775,50.0,75.0,0
8264616,verizonmedia,7.1699963879999995,44.0,62.6597204,0
8179720,bing,52.085000000000008,45.679999999999993,66.0,0
8177186,match2one,11.305277777777778,77.3809402824,100.0,0
8229340,verizonmedia,6.1138797184374996,77.3809402824,100.0,0
8219576,tradingviewdotcom,28.093333333333334,100.0,123.0,0
8261085,fb,37.416666666666664,77.3809402824,100.0,0
8278359,match2one,39.62,44.0,62.6597204,0
8215121,google,67.905,73.7895,91.387,0
8181066,match2one,11.305277777777778,77.3809402824,100.0,0
8179331,verizonmedia,23.459021942,77.3809402824,100.0,0
8278676,fb,1.3154,50.0,75.0,0
8213801,verizonmedia,25.785706575000003,104.0,149.0,0
8240008,verizonmedia,10.46132757375,77.3809402824,100.0,0
8266569,bing,36.918461538461536,66.0,91.888717134,0
8256445,verizonmedia,7.1699963879999995,77.3809402824,100.0,0
8177239,verizonmedia,5.0051753964915262,77.3809402824,100.0,0
8272241,bing,110.14333333333333,89.0,121.81,0
8190206,verizonmedia,7.9676085000000008,50.0,80.0,0
8250562,adroll,10.154415357142858,77.3809402824,100.0,0
8224122,verizonmedia,6.1138797184374996,77.3809402824,100.0,0
8269229,match2one,131.2225,77.3809402824,100.0,0
8203408,tradingviewdotcom,28.093333333333334,77.3809402824,100.0,1
8237311,tradingviewdotcom,20.726153846153849,104.0,149.0,0
8272093,verizonmedia,7.1699963879999995,104.0,149.0,0
8169228,verizonmedia,5.0051753964915262,77.3809402824,100.0,0
8248797,bing,36.055555555555557,57.276,57.276,0
8267043,fb,1.595,77.3809402824,100.0,0
8192219,bing,24.48,70.0,100.0,1
8246502,bing,127.22,77.3809402824,100.0,0
8249218,verizonmedia,10.46132757375,77.3809402824,100.0,0
8260912,fb,1.595,77.3809402824,100.0,0
8166790,match2one,17.496190476190481,89.0,121.81,0
8256901,adroll,15.03267388888889,77.3809402824,100.0,0
8277462,adroll,15.03267388888889,77.3809402824,100.0,0
8260177,fb,1.595,77.3809402824,100.0,0
8220702,bing,52.529999999999994,89.0,121.81,0
8210497,bing,42.437777777777775,40.0,68.0,0
8241776,verizonmedia,6.1138797184374996,104.0,149.0,0
8227481,adroll,5.3058966071428566,38.760000000000005,63.213449021935006,0
8216540,tradingviewdotcom,28.093333333333334,77.3809402824,100.0,0
8272437,match2one,23.485,77.3809402824,100.0,0
8241100,bing,36.055555555555557,40.0,68.0,0
8230920,tradingviewdotcom,20.726153846153849,104.0,149.0,0
8171698,verizonmedia,5.0051753964915262,89.0,121.81,0
8279220,adroll,15.03267388888889,77.3809402824,100.0,0
8243687,verizonmedia,6.1138797184374996,104.0,149.0,0
8169502,bing,48.166,77.3809402824,100.0,0
8242309,adroll,5.3058966071428566,38.760000000000005,63.213449021935006,0
8260470,fb,1.3154,50.0,80.0,0
8196956,match2one,17.35,77.3809402824,100.0,0
8219983,verizonmedia,27.300418611111109,77.3809402824,100.0,0
8171228,match2one,17.496190476190481,89.0,121.81,0
8278980,match2one,23.485,77.3809402824,100.0,0
8219573,verizonmedia,5.9297682034468089,77.3809402824,100.0,0
8242221,verizonmedia,6.1138797184374996,77.3809402824,100.0,0
8251060,bing,29.1225,77.3809402824,100.0,0
8267651,verizonmedia,52.1206967,104.0,149.0,0
8240439,bing,127.22,77.3809402824,100.0,0
8236324,tradingviewdotcom,48.5,100.0,108.01,1
8245586,bing,36.055555555555557,89.0,121.81,0
8232491,adroll,5.3058966071428566,44.0,62.6597204,0
8211844,verizonmedia,5.9297682034468089,77.3809402824,100.0,0
8192137,tradingviewdotcom,44.738666666666667,100.0,123.0,0
8217154,tradingviewdotcom,28.093333333333334,45.679999999999993,66.0,0
8212456,verizonmedia,5.9297682034468089,77.3809402824,100.0,0
8185436,match2one,11.305277777777778,77.3809402824,100.0,0
8215101,bing,18.044000000000004,66.0,91.888717134,0
8165978,tradingviewdotcom,44.738666666666667,100.0,123.0,0
8173611,verizonmedia,5.0051753964915262,89.0,121.81,0
8223847,adroll,5.3058966071428566,104.0,149.0,0
8260106,fb,1.3154,45.0,67.84,0
8232408,verizonmedia,40.540468450000006,57.276,57.276,0
8244735,adroll,5.3058966071428566,45.0,67.84,0
8214813,adroll,4.2448830555555555,104.0,149.0,0
8274488,verizonmedia,7.1699963879999995,77.3809402824,100.0,0
8236423,google,26.792222222222222,30.0,33.81,0
8188851,verizonmedia,5.0051753964915262,77.3809402824,100.0,0
8276415,verizonmedia,7.1699963879999995,77.3809402824,100.0,0
8240860,verizonmedia,6.1138797184374996,77.3809402824,100.0,0
8275698,verizonmedia,7.1699963879999995,104.0,149.0,1
8214528,verizonmedia,5.9297682034468089,104.0,149.0,0
8183845,match2one,11.305277777777778,77.3809402824,100.0,0
8231307,adroll,10.154415357142858,77.3809402824,100.0,0
8228566,tradingviewdotcom,20.726153846153849,100.0,123.0,0
8249054,bing,130.96,89.0,121.81,0
8195654,verizonmedia,5.9297682034468089,77.3809402824,100.0,0
8205781,verizonmedia,39.38865244,77.3809402824,100.0,0
8262415,fb,1.595,77.3809402824,100.0,0
8267545,fb,1.595,77.3809402824,100.0,0
8255460,verizonmedia,7.1699963879999995,77.3809402824,100.0,0
8192082,verizonmedia,5.0051753964915262,77.3809402824,100.0,0
8180083,match2one,11.305277777777778,77.3809402824,100.0,0
8199518,verizonmedia,5.9297682034468089,104.0,149.0,0
8170857,match2one,37.365,77.3809402824,100.0,0
8264453,fb,1.595,77.3809402824,100.0,0
8257305,fb,1.595,47.904904614675004,47.904904614675004,0
8216100,tradingviewdotcom,45.605000000000004,100.0,108.01,0
8275223,match2one,23.485,77.3809402824,100.0,0
8243561,bing,36.055555555555557,50.0,80.0,0
8277226,verizonmedia,7.1699963879999995,77.3809402824,100.0,1
8208841,adroll,4.2448830555555555,45.0,67.84,0
8246953,verizonmedia,6.1138797184374996,73.7895,91.387,0
8181941,verizonmedia,5.0051753964915262,44.0,62.6597204,0
8225164,tradingviewdotcom,20.726153846153849,45.679999999999993,66.0,0
8177297,match2one,150.65,77.3809402824,100.0,1
8278432,match2one,39.62,38.760000000000005,63.213449021935006,0
8262807,fb,1.3154,38.760000000000005,63.213449021935006,0
8249489,google,27.1375,73.7895,91.387,0
8183468,tradingviewdotcom,44.738666666666667,100.0,123.0,0
8242120,google,26.792222222222222,57.276,57.276,1
8270678,match2one,53.17,77.3809402824,100.0,0
8205445,bing,42.437777777777775,38.760000000000005,63.213449021935006,0
8170129,verizonmedia,5.0051753964915262,77.3809402824,100.0,0
8274112,bing,354.58000000000004,89.0,121.81,0
8196160,verizonmedia,5.9297682034468089,89.0,121.81,0
8268645,verizonmedia,57.291986234999996,77.3809402824,100.0,0
8212364,verizonmedia,5.9297682034468089,77.3809402824,100.0,0
8231922,tradingviewdotcom,20.726153846153849,44.0,62.6597204,0
8224008,adroll,5.3058966071428566,38.760000000000005,63.213449021935006,0
8228006,adroll,10.154415357142858,77.3809402824,100.0,0
8184008,verizonmedia,35.99644476666667,89.0,121.81,0
8195846,verizonmedia,5.9297682034468089,77.3809402824,100.0,0
8187202,verizonmedia,5.0051753964915262,77.3809402824,100.0,0
8275644,bing,36.918461538461536,66.0,91.888717134,0
8256113,verizonmedia,3.5837942,50.0,80.0,0
8267014,fb,6.65,45.679999999999993,66.0,0
8239846,verizonmedia,6.1138797184374996,104.0,149.0,0
8167172,match2one,17.496190476190481,104.0,149.0,0
8272503,bing,43.735,45.679999999999993,66.0,0
8167012,bing,34.725555555555552,70.0,100.0,0
8217314,bing,98.643333333333331,89.0,121.81,0
8258793,fb,1.595,77.3809402824,100.0,0
8250677,google,27.1375,73.7895,91.387,1
8192590,bing,48.166,77.3809402824,100.0,0
8219934,adroll,4.2448830555555555,104.0,149.0,0
8195197,tradingviewdotcom,28.093333333333334,77.3809402824,100.0,0
8254680,adroll,15.03267388888889,77.3809402824,100.0,0
8195715,bing,145.395,89.0,121.81,0
8242315,adroll,10.154415357142858,77.3809402824,100.0,0
8177966,match2one,11.305277777777778,77.3809402824,100.0,0
8262978,fb,1.3154,50.0,75.0,0
8252921,adroll,8.9300488235294129,104.0,149.0,0
8171168,bing,34.725555555555552,89.0,121.81,0
8265055,fb,1.595,77.3809402824,100.0,0
8265431,fb,1.3154,89.0,121.81,0
8195157,bing,42.437777777777775,89.0,121.81,0
8211557,adroll,10.785816,77.3809402824,100.0,0
8233025,bing,42.555,77.3809402824,100.0,0
8223284,verizonmedia,6.1138797184374996,104.0,149.0,0
8219845,verizonmedia,5.9297682034468089,104.0,149.0,0
8224133,verizonmedia,6.1138797184374996,77.3809402824,100.0,0
8166479,match2one,11.305277777777778,77.3809402824,100.0,0
8260061,verizonmedia,7.1699963879999995,77.3809402824,100.0,0
8262548,fb,1.3154,38.760000000000005,63.213449021935006,0
8269516,adroll,8.9300488235294129,44.0,62.6597204,0
8233824,bing,17.42,45.679999999999993,66.0,0
8184453,bing,34.725555555555552,70.0,100.0,0
8174708,tradingviewdotcom,44.738666666666667,45.679999999999993,66.0,0
8263113,verizonmedia,7.1699963879999995,77.3809402824,100.0,0
8224026,adroll,5.3058966071428566,104.0,149.0,0
8228549,google,27.1375,73.7895,91.387,0
8265820,fb,1.3154,70.0,100.0,0
8179317,verizonmedia,5.0051753964915262,100.0,123.0,0
8214628,adroll,4.2448830555555555,38.760000000000005,63.213449021935006,0
8276017,match2one,42.11,104.0,149.0,0
8199186,verizonmedia,5.9297682034468089,77.3809402824,100.0,0
8170907,bing,96.176666666666677,77.3809402824,100.0,0
8258490,fb,1.3154,70.0,100.0,0
8189188,verizonmedia,5.0051753964915262,104.0,149.0,0
8244278,google,26.792222222222222,57.276,57.276,0
8279138,bing,51.43,89.0,121.81,0
8216257,tradingviewdotcom,28.093333333333334,100.0,123.0,0
8273850,google,19.254285714285714,54.46335,65.5271,0
8209572,verizonmedia,5.9297682034468089,77.3809402824,100.0,0
8191493,tradingviewdotcom,44.738666666666667,100.0,123.0,0
8215879,verizonmedia,5.9297682034468089,104.0,149.0,0
8269418,adroll,8.9300488235294129,104.0,149.0,0
8175404,match2one,17.496190476190481,89.0,121.81,0
8180123,tradingviewdotcom,44.738666666666667,100.0,123.0,0
8270701,match2one,23.485,77.3809402824,100.0,0
8167773,verizonmedia,5.0051753964915262,77.3809402824,100.0,0
8264863,fb,6.65,100.14490276168,100.14490276168,0
8181325,match2one,52.802,89.0,121.81,0
8184392,match2one,11.305277777777778,77.3809402824,100.0,0
8236572,bing,42.555,45.0,67.84,0
8244471,verizonmedia,6.1138797184374996,104.0,149.0,0
8223294,verizonmedia,6.1138797184374996,104.0,149.0,0
8214882,verizonmedia,27.300418611111109,77.3809402824,100.0,0
8263253,fb,1.3154,45.0,67.84,0
8217208,tradingviewdotcom,28.093333333333334,100.0,123.0,0
8208736,bing,30.896666666666665,115.5363599275,180.0,0
8166689,match2one,17.496190476190481,104.0,149.0,0
8196778,verizonmedia,5.9297682034468089,77.3809402824,100.0,0
8200122,tradingviewdotcom,28.093333333333334,77.3809402824,100.0,0
8233405,fb,0.0,45.0,67.84,0
8178201,verizonmedia,5.0051753964915262,89.0,121.81,0
8244420,verizonmedia,6.1138797184374996,77.3809402824,100.0,0
8217433,verizonmedia,5.9297682034468089,77.3809402824,100.0,0
8228874,bing,43.839999999999996,70.0,100.0,0
8172679,match2one,94.67,77.3809402824,100.0,0
8208949,bing,30.896666666666665,40.0,68.0,0
8275897,match2one,23.485,77.3809402824,100.0,0
8243623,verizonmedia,6.1138797184374996,77.3809402824,100.0,0
8260987,fb,1.595,77.3809402824,100.0,0
8197439,tradingviewdotcom,28.093333333333334,100.0,123.0,0
8196278,match2one,23.84,89.0,121.81,0
8215187,adroll,10.785816,77.3809402824,100.0,0
8190961,match2one,37.365,77.3809402824,100.0,0
8170963,verizonmedia,23.459021942,77.3809402824,100.0,0
8252642,verizonmedia,7.1699963879999995,77.3809402824,100.0,0
8231311,verizonmedia,6.1138797184374996,77.3809402824,100.0,0
8215016,adroll,4.2448830555555555,89.0,121.81,0
8184018,bing,54.773333333333333,45.679999999999993,66.0,0
8192663,bing,48.166,77.3809402824,100.0,0
8207857,verizonmedia,67.55802226,45.679999999999993,66.0,0
8273979,bing,38.843333333333334,45.679999999999993,66.0,0
8196284,tradingviewdotcom,28.093333333333334,100.0,123.0,0
8274911,verizonmedia,7.1699963879999995,77.3809402824,100.0,0
8171426,match2one,17.496190476190481,38.760000000000005,63.213449021935006,0
8264388,adroll,15.03267388888889,77.3809402824,100.0,0
8278820,match2one,42.11,38.760000000000005,63.213449021935006,1
8171089,verizonmedia,5.0051753964915262,77.3809402824,100.0,0
8277391,bing,116.6,50.0,80.0,0
8266477,bing,36.918461538461536,70.0,99.33,0
8266646,adroll,8.9300488235294129,44.0,62.6597204,0
8274988,bing,36.918461538461536,66.0,91.888717134,0
8175189,fb,0.0,77.3809402824,100.0,0
8183870,match2one,17.496190476190481,89.0,121.81,0
8266330,fb,1.3154,50.0,75.0,0
8262318,fb,1.595,49.5,67.3116,0
8205145,match2one,0.02,77.3809402824,100.0,0
8260782,fb,1.3154,89.0,121.81,0
8203882,verizonmedia,5.9297682034468089,77.3809402824,100.0,1
8209624,verizonmedia,27.300418611111109,77.3809402824,100.0,0
8264936,match2one,131.2225,77.3809402824,100.0,0
8185256,verizonmedia,5.0051753964915262,133.483475283815,188.35998824181,0
8207152,adroll,10.785816,73.7895,91.387,0
8179946,verizonmedia,5.0051753964915262,77.3809402824,100.0,0
8236922,verizonmedia,6.1138797184374996,104.0,149.0,0
8166668,verizonmedia,23.459021942,77.3809402824,100.0,0
8167021,match2one,11.305277777777778,77.3809402824,100.0,0
8263162,fb,1.3154,40.0,68.0,0
8166723,verizonmedia,5.0051753964915262,89.0,121.81,1
8230422,bing,25.543333333333333,60.0,90.0,0
8240547,adroll,5.3058966071428566,104.0,149.0,0
8232233,adroll,5.3058966071428566,104.0,149.0,0
8179659,verizonmedia,5.0051753964915262,104.0,149.0,0
8265610,fb,6.65,45.679999999999993,66.0,0
8183707,verizonmedia,5.0051753964915262,77.3809402824,100.0,0
8203395,bing,15.764999999999999,70.0,99.33,0
8248233,bing,29.1225,77.3809402824,100.0,0
8211830,tradingviewdotcom,45.605000000000004,100.0,108.01,0
8275021,match2one,42.11,38.760000000000005,63.213449021935006,0
8201764,tradingviewdotcom,28.093333333333334,100.0,123.0,0
8264383,fb,1.595,77.3809402824,100.0,0
8167064,bing,34.725555555555552,100.0,129.83565881286,0
8178322,verizonmedia,5.0051753964915262,77.3809402824,100.0,0
8195400,verizonmedia,5.9297682034468089,77.3809402824,100.0,1
8187763,tradingviewdotcom,44.738666666666667,100.0,123.0,0
8239896,verizonmedia,6.1138797184374996,77.3809402824,100.0,0
8238521,adroll,10.154415357142858,77.3809402824,100.0,0
8225588,google,26.792222222222222,22.2398,22.2398,0
8173459,verizonmedia,5.0051753964915262,104.0,149.0,0
8192193,bing,24.48,40.20725,63.0,0
8194383,google,78.86,73.7895,91.387,0
8173796,tradingviewdotcom,44.738666666666667,100.0,123.0,0
8278203,bing,36.918461538461536,70.0,99.33,0
8205020,verizonmedia,5.9297682034468089,89.0,121.81,0
8272333,match2one,42.11,45.679999999999993,66.0,0
8216888,verizonmedia,67.55802226,45.679999999999993,66.0,1
8247826,adroll,5.3058966071428566,104.0,149.0,0
8220175,adroll,4.2448830555555555,45.0,67.84,1
8223207,verizonmedia,40.540468450000006,77.3809402824,100.0,0
8233792,verizonmedia,107.0619344,104.0,149.0,0
8182410,match2one,207.85000000000002,38.760000000000005,63.213449021935006,0
8227813,tradingviewdotcom,20.726153846153849,104.0,149.0,0
8227336,bing,19.674999999999997,70.0,99.33,1
8240538,verizonmedia,6.1138797184374996,77.3809402824,100.0,0
8236616,verizonmedia,40.540468450000006,77.3809402824,100.0,0
8179246,verizonmedia,23.459021942,77.3809402824,100.0,0
8183726,verizonmedia,5.0051753964915262,77.3809402824,100.0,0
8180772,verizonmedia,5.0051753964915262,104.0,149.0,0
8179653,match2one,11.305277777777778,77.3809402824,100.0,0
8242114,verizonmedia,6.1138797184374996,77.3809402824,100.0,0
8242354,adroll,10.154415357142858,77.3809402824,100.0,0
8176200,match2one,40.724285714285713,77.3809402824,100.0,0
8168014,verizonmedia,5.0051753964915262,104.0,149.0,0
8277165,bing,110.14333333333333,89.0,121.81,0
8268906,adroll,15.03267388888889,77.3809402824,100.0,0
8234431,adroll,10.154415357142858,77.3809402824,100.0,0
8223555,tradingviewdotcom,20.726153846153849,100.0,123.0,0
8204894,bing,139.205,77.3809402824,100.0,0
8170489,match2one,159.215,104.0,149.0,0
8230195,google,26.792222222222222,54.46335,65.5271,0
8243204,google,27.1375,77.3809402824,100.0,1
8175099,verizonmedia,5.0051753964915262,77.3809402824,100.0,0
8175510,bing,54.773333333333333,45.679999999999993,66.0,1
8212056,adroll,4.2448830555555555,104.0,149.0,0
8246670,bing,130.96,70.0,100.0,0
8263824,bing,36.918461538461536,98.140000000000015,100.0,0
8257720,verizonmedia,57.291986234999996,77.3809402824,100.0,1
8242527,verizonmedia,6.1138797184374996,77.3809402824,100.0,0
8275108,match2one,23.485,77.3809402824,100.0,0
8278662,verizonmedia,7.1699963879999995,77.3809402824,100.0,0
8181532,match2one,11.305277777777778,77.3809402824,100.0,0
8173713,verizonmedia,23.459021942,77.3809402824,100.0,0
8228470,adroll,5.3058966071428566,44.0,62.6597204,0
8260551,google,26.15285714285714,73.7895,91.387,0
8222944,tradingviewdotcom,28.093333333333334,100.0,123.0,0
8180892,match2one,11.305277777777778,77.3809402824,100.0,0
8194437,verizonmedia,5.0051753964915262,77.3809402824,100.0,0
8260660,verizonmedia,7.1699963879999995,77.3809402824,100.0,0
8268403,google,19.254285714285714,54.46335,65.5271,0
8236675,verizonmedia,6.1138797184374996,104.0,149.0,0
8264883,fb,1.595,77.3809402824,100.0,0
8263244,google,19.254285714285714,22.2398,22.2398,0
8212588,verizonmedia,5.9297682034468089,89.0,121.81,0
8180141,match2one,11.305277777777778,77.3809402824,100.0,0
8200143,tradingviewdotcom,28.093333333333334,100.0,123.0,0
8262900,fb,1.3154,89.0,121.81,0
8242657,verizonmedia,6.1138797184374996,104.0,149.0,0
8203110,verizonmedia,102.4998163,89.0,121.81,0
8261321,fb,1.3154,89.0,121.81,0
8190482,verizonmedia,5.0051753964915262,104.0,149.0,0
8170628,tradingviewdotcom,44.738666666666667,100.0,123.0,0
8267218,fb,1.3154,50.0,80.0,0
8257406,fb,37.416666666666664,30.0,30.0,0
8276050,bing,110.14333333333333,100.0,129.83565881286,0
8193586,verizonmedia,5.0051753964915262,77.3809402824,100.0,0
8176217,match2one,11.305277777777778,77.3809402824,100.0,0
8200828,bing,21.628,38.760000000000005,63.213449021935006,0
8276666,adroll,8.9300488235294129,100.0,107.61926914077,0
8203244,bing,18.044000000000004,85.0,100.0,1
8179542,match2one,11.305277777777778,77.3809402824,100.0,0
8223411,bing,19.674999999999997,85.0,100.0,0
8173074,tradingviewdotcom,44.738666666666667,100.0,123.0,0
8271046,google,26.15285714285714,73.7895,91.387,0
8241369,bing,36.055555555555557,70.0,100.0,0
8205495,verizonmedia,67.55802226,45.679999999999993,66.0,1
8266172,fb,1.595,77.3809402824,100.0,0
8212085,verizonmedia,5.9297682034468089,77.3809402824,100.0,0
8274430,adroll,8.9300488235294129,104.0,149.0,0
8198181,verizonmedia,5.9297682034468089,104.0,149.0,0
8166939,match2one,52.802,89.0,121.81,0
8195831,tradingviewdotcom,28.093333333333334,77.3809402824,100.0,0
8203965,tradingviewdotcom,28.093333333333334,100.0,123.0,0
8203960,tradingviewdotcom,28.093333333333334,77.3809402824,100.0,0
8275059,bing,36.918461538461536,70.0,99.33,0
8241082,bing,17.42,45.679999999999993,66.0,0
8260512,fb,1.595,77.3809402824,100.0,0
8200538,bing,42.437777777777775,50.0,80.0,0
8184033,match2one,11.305277777777778,77.3809402824,100.0,0
8264374,fb,1.3154,38.760000000000005,63.213449021935006,0
8224410,verizonmedia,6.1138797184374996,77.3809402824,100.0,0
8256000,verizonmedia,7.1699963879999995,77.3809402824,100.0,0
8213241,bing,10.51,45.679999999999993,66.0,0
8269165,verizonmedia,7.1699963879999995,77.3809402824,100.0,0
8253201,google,26.15285714285714,73.7895,91.387,0
8252438,bing,383.47,77.3809402824,100.0,0
8211267,google,59.325,22.2398,22.2398,0
8179691,verizonmedia,23.459021942,77.3809402824,100.0,0
8221697,bing,42.437777777777775,89.0,121.81,0
8259957,fb,1.3154,50.0,80.0,0
8175167,verizonmedia,5.0051753964915262,104.0,149.0,0
8260689,fb,1.3154,89.0,121.81,0
8170640,tradingviewdotcom,44.738666666666667,100.0,123.0,0
8220888,bing,21.628,77.3809402824,100.0,0
8258774,fb,1.3154,50.0,75.0,0
8212114,adroll,10.785816,77.3809402824,100.0,0
8201933,verizonmedia,5.9297682034468089,44.0,62.6597204,0
8266754,fb,1.3154,50.0,80.0,0
8170968,match2one,17.496190476190481,44.0,62.6597204,0
8205286,verizonmedia,5.9297682034468089,38.760000000000005,63.213449021935006,0
8235837,verizonmedia,40.540468450000006,77.3809402824,100.0,1
8219755,adroll,4.2448830555555555,104.0,149.0,0
8260302,fb,1.3154,45.0,67.84,0
8176235,bing,54.773333333333333,45.679999999999993,66.0,0
8216079,adroll,4.2448830555555555,104.0,149.0,0
8173691,match2one,17.496190476190481,89.0,121.81,1
8205549,tradingviewdotcom,28.093333333333334,104.0,149.0,0
8245930,bing,43.839999999999996,70.0,100.0,0
8268639,adroll,8.9300488235294129,104.0,149.0,0
8177063,verizonmedia,5.0051753964915262,77.3809402824,100.0,0
8194111,verizonmedia,5.0051753964915262,77.3809402824,100.0,0
8204221,tradingviewdotcom,45.605000000000004,100.0,108.01,0
8266892,fb,1.3154,40.0,68.0,0
8171261,match2one,17.496190476190481,104.0,149.0,0
8187425,verizonmedia,49.816584150000004,104.0,149.0,0
8232426,verizonmedia,40.540468450000006,77.3809402824,100.0,0
8265008,fb,1.3154,89.0,121.81,0
8241312,google,27.1375,73.7895,91.387,0
8190756,tradingviewdotcom,44.738666666666667,77.3809402824,100.0,0
8204750,tradingviewdotcom,28.093333333333334,100.0,123.0,0
8237045,adroll,5.3058966071428566,104.0,149.0,0
8276966,match2one,23.485,77.3809402824,100.0,0
8169323,verizonmedia,5.0051753964915262,89.0,121.81,0
8220047,bing,21.628,89.0,121.81,0
8179881,verizonmedia,5.0051753964915262,77.3809402824,100.0,0
8241314,verizonmedia,10.46132757375,77.3809402824,100.0,0
8168280,match2one,11.305277777777778,77.3809402824,100.0,0
8179717,match2one,11.305277777777778,77.3809402824,100.0,0
8172440,verizonmedia,5.0051753964915262,77.3809402824,100.0,0
8178082,verizonmedia,5.0051753964915262,77.3809402824,100.0,0
8168881,match2one,94.67,77.3809402824,100.0,0
8276484,match2one,180.11333333333334,45.0,67.84,0
8249771,google,26.792222222222222,57.276,57.276,0
8263190,fb,1.3154,45.0,67.84,0
8251558,bing,30.000000000000004,22.2398,22.2398,0
8208051,adroll,10.785816,77.3809402824,100.0,0
8230864,tradingviewdotcom,48.5,50.0,50.0,0
8274024,google,19.254285714285714,98.140000000000015,100.0,0
8279287,bing,36.918461538461536,67.92739674305,96.0,0
8271293,verizonmedia,7.1699963879999995,77.3809402824,100.0,0
8210289,bing,21.564999999999998,77.3809402824,100.0,0
8258099,verizonmedia,338.5943952,45.679999999999993,66.0,0
8206276,tradingviewdotcom,28.093333333333334,45.679999999999993,66.0,0
8216325,verizonmedia,27.300418611111109,77.3809402824,100.0,0
8257693,bing,110.14333333333333,70.0,100.0,0
8182974,verizonmedia,5.0051753964915262,63.8474,65.5665,0
8263060,fb,1.595,77.3809402824,100.0,0
8178890,bing,18.18,66.0,91.888717134,0
8211682,bing,18.044000000000004,70.0,99.33,0
8276383,match2one,23.485,77.3809402824,100.0,0
8228736,verizonmedia,6.1138797184374996,104.0,149.0,0
8170955,verizonmedia,5.0051753964915262,89.0,121.81,0
8277115,bing,36.918461538461536,66.0,91.888717134,0
8174430,tradingviewdotcom,44.738666666666667,100.0,123.0,0
8228753,tradingviewdotcom,20.726153846153849,104.0,149.0,0
8267309,fb,1.3154,50.0,75.0,0
8263851,fb,1.595,77.3809402824,100.0,0
8252910,verizonmedia,7.1699963879999995,77.3809402824,100.0,0
8272590,match2one,23.485,77.3809402824,100.0,0
8197737,verizonmedia,5.9297682034468089,104.0,149.0,0
8232381,adroll,10.154415357142858,77.3809402824,100.0,0
8258653,verizonmedia,7.1699963879999995,77.3809402824,100.0,0
8196519,verizonmedia,5.9297682034468089,89.0,121.81,0
8235728,verizonmedia,6.1138797184374996,89.0,121.81,0
8266861,fb,1.595,77.3809402824,100.0,0
8181184,match2one,11.305277777777778,77.3809402824,100.0,0
8218859,verizonmedia,27.300418611111109,52.5,82.1598,0
8166064,tradingviewdotcom,44.738666666666667,104.0,149.0,0
8184060,tradingviewdotcom,44.738666666666667,100.0,123.0,0
8259906,bing,69.42,70.0,100.0,0
8266324,match2one,42.11,89.0,121.81,0
8171497,tradingviewdotcom,44.738666666666667,77.3809402824,100.0,0
8272477,verizonmedia,7.1699963879999995,77.3809402824,100.0,0
8230281,tradingviewdotcom,20.726153846153849,100.0,123.0,0
8274152,match2one,180.11333333333334,45.0,67.84,0
8239873,google,26.792222222222222,57.276,57.276,0
8204850,verizonmedia,9.263716500000001,50.0,80.0,0
8265866,google,26.15285714285714,73.7895,91.387,0
8252892,adroll,8.9300488235294129,38.760000000000005,63.213449021935006,0
8232065,tradingviewdotcom,20.726153846153849,100.0,123.0,0
8273457,bing,43.735,45.679999999999993,66.0,0
8255359,google,26.15285714285714,77.3809402824,100.0,0
8228285,tradingviewdotcom,20.726153846153849,100.0,123.0,0
8180742,match2one,11.305277777777778,77.3809402824,100.0,0
8262239,verizonmedia,7.1699963879999995,77.3809402824,100.0,0
8234606,tradingviewdotcom,20.726153846153849,100.0,123.0,0
8248057,adroll,5.3058966071428566,104.0,149.0,0
8209003,adroll,4.2448830555555555,104.0,149.0,0
8186657,verizonmedia,5.0051753964915262,77.3809402824,100.0,0
8263311,fb,1.3154,89.0,121.81,0
8271061,verizonmedia,7.1699963879999995,77.3809402824,100.0,0
8270404,match2one,68.26,104.0,149.0,0
8214814,bing,30.896666666666665,38.760000000000005,63.213449021935006,0
8273970,match2one,23.485,77.3809402824,100.0,0
8193608,verizonmedia,5.0051753964915262,77.3809402824,100.0,0
8261934,adroll,15.03267388888889,77.3809402824,100.0,0
8215611,verizonmedia,25.785706575000003,104.0,149.0,0
8188676,verizonmedia,35.99644476666667,89.0,121.81,0
8261002,verizonmedia,30.023785156666666,77.3809402824,100.0,1
8195436,tradingviewdotcom,28.093333333333334,45.679999999999993,66.0,0
8179644,match2one,11.305277777777778,77.3809402824,100.0,0
8274233,google,26.15285714285714,73.7895,91.387,0
8236856,verizonmedia,6.1138797184374996,104.0,149.0,0
8197387,tradingviewdotcom,28.093333333333334,77.3809402824,100.0,0
8239126,adroll,10.154415357142858,77.3809402824,100.0,0
8196312,fb,0.0,77.3809402824,100.0,0
8261753,verizonmedia,7.1699963879999995,77.3809402824,100.0,1
8170785,match2one,40.724285714285713,77.3809402824,100.0,0
8264487,fb,1.3154,50.0,80.0,0
8183831,match2one,17.496190476190481,44.0,62.6597204,0
8200648,verizonmedia,5.9297682034468089,77.3809402824,100.0,0
8249108,adroll,5.3058966071428566,38.760000000000005,63.213449021935006,0
8253852,google,26.15285714285714,73.7895,91.387,0
8242584,adroll,5.3058966071428566,38.760000000000005,63.213449021935006,0
8225003,bing,36.055555555555557,80.0,120.0,0
8268745,bing,15.510000000000002,89.0,121.81,0
8207582,bing,18.044000000000004,98.140000000000015,100.0,0
8170299,bing,270.67,66.0,91.888717134,0
8180342,verizonmedia,5.0051753964915262,104.0,149.0,0
8180570,verizonmedia,5.0051753964915262,77.3809402824,100.0,0
8193831,verizonmedia,5.0051753964915262,77.3809402824,100.0,0
8215317,adroll,10.785816,77.3809402824,100.0,0
8264571,verizonmedia,7.1699963879999995,89.0,121.81,0
8232231,adroll,5.3058966071428566,104.0,149.0,0
8190943,bing,96.176666666666677,70.0,100.0,0
8260640,fb,1.595,77.3809402824,100.0,0
8208198,verizonmedia,27.300418611111109,77.3809402824,100.0,0
8266389,verizonmedia,30.023785156666666,77.3809402824,100.0,0
8166622,match2one,11.305277777777778,77.3809402824,100.0,0
8229453,bing,36.055555555555557,50.0,75.0,0
8228910,bing,55.606666666666676,45.679999999999993,66.0,0
8210990,fb,0.0,77.3809402824,100.0,0
8265972,fb,1.595,77.3809402824,100.0,0
8224549,adroll,5.3058966071428566,104.0,149.0,0
8237621,verizonmedia,6.1138797184374996,77.3809402824,100.0,1
8229684,verizonmedia,6.1138797184374996,77.3809402824,100.0,0
8262784,adroll,8.9300488235294129,133.483475283815,188.35998824181,0
8186410,tradingviewdotcom,44.738666666666667,45.679999999999993,66.0,0
8199362,verizonmedia,5.9297682034468089,104.0,149.0,0
8171396,verizonmedia,49.816584150000004,104.0,149.0,0
8182544,verizonmedia,23.459021942,77.3809402824,100.0,1
8176420,match2one,11.305277777777778,77.3809402824,100.0,0
8261079,adroll,8.9300488235294129,104.0,149.0,0
8185898,bing,24.48,40.20725,63.0,0
8274690,verizonmedia,7.1699963879999995,77.3809402824,100.0,0
8207941,tradingviewdotcom,28.093333333333334,77.3809402824,100.0,0
8221807,bing,18.044000000000004,66.0,91.888717134,0
8193593,verizonmedia,5.0051753964915262,77.3809402824,100.0,0
8188338,match2one,52.802,89.0,121.81,0
8266450,verizonmedia,7.1699963879999995,77.3809402824,100.0,1
8175784,bing,34.725555555555552,50.0,75.0,0
8209156,verizonmedia,5.9297682034468089,77.3809402824,100.0,0
8251018,bing,25.543333333333333,70.0,99.33,0
8227266,verizonmedia,6.1138797184374996,104.0,149.0,0
8262795,verizonmedia,30.023785156666666,77.3809402824,100.0,0
8252489,bing,38.843333333333334,45.679999999999993,66.0,0
8219686,adroll,4.2448830555555555,104.0,149.0,0
8171091,match2one,40.724285714285713,77.3809402824,100.0,0
8264527,fb,1.595,77.3809402824,100.0,0
8199566,verizonmedia,5.9297682034468089,77.3809402824,100.0,0
8200841,bing,10.51,45.679999999999993,66.0,0
8208428,verizonmedia,5.9297682034468089,77.3809402824,100.0,0
8260079,fb,37.416666666666664,89.0,121.81,0
8232411,tradingviewdotcom,20.726153846153849,100.0,123.0,0
8179712,bing,98.433333333333323,77.3809402824,100.0,0
8206699,verizonmedia,5.9297682034468089,77.3809402824,100.0,0
8232030,tradingviewdotcom,20.726153846153849,100.0,123.0,1
8192283,tradingviewdotcom,63.000000000000007,100.0,108.01,0
8247898,verizonmedia,40.540468450000006,77.3809402824,100.0,0
8242156,verizonmedia,6.1138797184374996,77.3809402824,100.0,0
8195910,bing,139.205,77.3809402824,100.0,0
8229501,bing,29.1225,77.3809402824,100.0,0
8172933,verizonmedia,5.0051753964915262,77.3809402824,100.0,0
8245980,verizonmedia,342.9941584,45.679999999999993,66.0,0
8172019,verizonmedia,23.459021942,77.3809402824,100.0,1
8224587,verizonmedia,6.1138797184374996,77.3809402824,100.0,0
8171970,match2one,52.802,89.0,121.81,0
8166588,verizonmedia,5.0051753964915262,77.3809402824,100.0,0
8225513,adroll,5.3058966071428566,104.0,149.0,0
8183783,match2one,17.496190476190481,89.0,121.81,0
8223530,adroll,5.3058966071428566,44.0,62.6597204,0
8195507,verizonmedia,5.9297682034468089,104.0,149.0,0
8273946,match2one,42.11,104.0,149.0,0
8184343,bing,34.725555555555552,89.0,121.81,0
8174921,bing,98.433333333333323,89.0,121.81,0
8191008,tradingviewdotcom,44.738666666666667,100.0,123.0,0
8177527,match2one,11.305277777777778,77.3809402824,100.0,0
8267573,google,19.254285714285714,54.46335,65.5271,0
8278255,bing,36.918461538461536,66.0,91.888717134,0
8199377,bing,18.044000000000004,70.0,99.33,0
8247549,bing,19.674999999999997,85.0,100.0,0
8278678,bing,38.843333333333334,45.679999999999993,66.0,1
8179875,tradingviewdotcom,44.738666666666667,100.0,123.0,0
8232703,verizonmedia,13.762797699999998,44.0,62.6597204,0
8239256,tradingviewdotcom,20.726153846153849,100.0,123.0,0
8265669,fb,37.416666666666664,77.3809402824,100.0,0
8260850,fb,1.3154,45.0,67.84,0
8231435,adroll,5.3058966071428566,104.0,149.0,0
8216012,bing,18.044000000000004,70.0,99.33,0
8170656,match2one,159.215,104.0,149.0,0
8208015,tradingviewdotcom,28.093333333333334,77.3809402824,100.0,0
8179441,tradingviewdotcom,63.000000000000007,100.0,108.01,0
8169279,match2one,11.305277777777778,77.3809402824,100.0,0
8236103,tradingviewdotcom,20.726153846153849,100.0,123.0,0
8183609,match2one,207.07999999999998,45.0,67.84,0
8175557,match2one,11.305277777777778,77.3809402824,100.0,0
8183834,match2one,11.305277777777778,77.3809402824,100.0,0
8179702,match2one,17.496190476190481,403.9147,930.97919999999988,0
8265987,fb,1.3154,50.0,80.0,0
8262818,bing,30.000000000000004,77.3809402824,100.0,0
8268343,fb,1.3154,40.0,68.0,1
8195648,verizonmedia,5.9297682034468089,77.3809402824,100.0,0
8266663,match2one,42.11,104.0,149.0,0
8262434,fb,1.3154,70.0,100.0,0
8184443,match2one,17.496190476190481,89.0,121.81,0
8236075,tradingviewdotcom,20.726153846153849,100.0,123.0,0
8254900,google,26.15285714285714,73.7895,91.387,0
8173756,match2one,84.68,77.3809402824,100.0,0
8262027,bing,110.14333333333333,50.0,80.0,0
8192574,verizonmedia,5.0051753964915262,77.3809402824,100.0,0
8206774,adroll,10.785816,77.3809402824,100.0,0
8266397,fb,1.3154,89.0,121.81,0
8208456,adroll,4.2448830555555555,89.0,121.81,0
8231614,bing,19.674999999999997,98.140000000000015,100.0,0
8237076,bing,43.839999999999996,50.0,80.0,0
8247617,adroll,5.3058966071428566,104.0,149.0,0
8266453,fb,1.3154,50.0,75.0,0
8269628,match2one,23.485,77.3809402824,100.0,0
8206028,adroll,10.785816,77.3809402824,100.0,0
8189794,verizonmedia,5.0051753964915262,77.3809402824,100.0,0
8264687,fb,1.3154,50.0,80.0,0
8278412,verizonmedia,7.1699963879999995,77.3809402824,100.0,0
8224963,verizonmedia,10.46132757375,77.3809402824,100.0,0
8218169,verizonmedia,5.9297682034468089,77.3809402824,100.0,0
8274427,verizonmedia,7.1699963879999995,77.3809402824,100.0,0
8276667,bing,110.14333333333333,50.0,80.0,0
8177920,tradingviewdotcom,44.738666666666667,100.0,123.0,0
8184524,match2one,11.305277777777778,77.3809402824,100.0,0
8166962,match2one,96.695,89.0,121.81,0
8201677,bing,15.764999999999999,31.47,45.29,0
8188979,verizonmedia,5.0051753964915262,77.3809402824,100.0,0
8214047,adroll,4.2448830555555555,38.760000000000005,63.213449021935006,0
8211841,bing,18.044000000000004,66.0,91.888717134,0
8262344,fb,37.416666666666664,77.3809402824,100.0,0
8262642,fb,1.3154,89.0,121.81,0
8206939,verizonmedia,5.9297682034468089,104.0,149.0,0
8258003,fb,1.3154,40.0,68.0,0
8186088,verizonmedia,5.0051753964915262,77.3809402824,100.0,0
8222952,tradingviewdotcom,28.093333333333334,100.0,123.0,0
8239647,verizonmedia,10.46132757375,77.3809402824,100.0,0
8166473,tradingviewdotcom,44.738666666666667,104.0,149.0,0
8182303,match2one,11.305277777777778,77.3809402824,100.0,0
8186506,tradingviewdotcom,44.738666666666667,100.0,123.0,0
8229515,verizonmedia,10.46132757375,77.3809402824,100.0,0
8258500,fb,1.595,77.3809402824,100.0,0
8187700,tradingviewdotcom,44.738666666666667,77.3809402824,100.0,0
8228427,bing,17.42,45.679999999999993,66.0,0
8169083,tradingviewdotcom,44.738666666666667,100.0,123.0,0
8207751,verizonmedia,25.785706575000003,104.0,149.0,0
8207082,verizonmedia,5.9297682034468089,77.3809402824,100.0,0
8189445,match2one,96.695,38.760000000000005,63.213449021935006,0
8208828,verizonmedia,5.9297682034468089,77.3809402824,100.0,0
8177034,match2one,11.305277777777778,77.3809402824,100.0,0
8194553,tradingviewdotcom,44.738666666666667,100.0,123.0,0
8204918,bing,10.51,45.679999999999993,66.0,0
8192295,verizonmedia,35.99644476666667,89.0,121.81,0
8176891,match2one,40.724285714285713,77.3809402824,100.0,0
8212690,verizonmedia,5.9297682034468089,77.3809402824,100.0,0
8180783,bing,34.725555555555552,115.5363599275,180.0,0
8216692,tradingviewdotcom,28.093333333333334,100.0,123.0,0
8184584,match2one,84.68,77.3809402824,100.0,0
8250799,bing,29.1225,77.3809402824,100.0,0
8214761,bing,42.437777777777775,50.0,75.0,0
8227824,verizonmedia,74.6950102,89.0,121.81,0
8248640,verizonmedia,6.1138797184374996,44.0,62.6597204,0
8260204,fb,1.595,77.3809402824,100.0,0
8195918,tradingviewdotcom,28.093333333333334,104.0,149.0,0
8221963,verizonmedia,27.300418611111109,77.3809402824,100.0,0
8257729,bing,110.14333333333333,38.760000000000005,63.213449021935006,0
8262042,fb,37.416666666666664,89.0,121.81,0
8187588,tradingviewdotcom,44.738666666666667,104.0,149.0,0
8276855,google,26.15285714285714,145.01212,254.62229913791998,0
8187441,verizonmedia,5.0051753964915262,77.3809402824,100.0,0
8272640,match2one,42.11,89.0,121.81,0
8171319,match2one,17.496190476190481,104.0,149.0,0
8261155,verizonmedia,7.1699963879999995,77.3809402824,100.0,0
8186275,match2one,52.802,89.0,121.81,0
8274975,match2one,131.2225,77.3809402824,100.0,0
8213961,verizonmedia,67.55802226,45.679999999999993,66.0,0
8200998,bing,10.51,45.679999999999993,66.0,0
8265865,bing,36.918461538461536,66.0,91.888717134,0
8195954,fb,0.0,77.3809402824,100.0,0
8212282,verizonmedia,25.785706575000003,104.0,149.0,0
8179521,verizonmedia,23.459021942,77.3809402824,100.0,0
8264953,fb,1.595,77.3809402824,100.0,0
8200636,bing,10.51,45.679999999999993,66.0,1
8213908,adroll,4.2448830555555555,104.0,149.0,0
8264139,fb,1.595,77.3809402824,100.0,0
8197845,bing,21.564999999999998,77.3809402824,100.0,0
8266314,fb,6.65,45.679999999999993,66.0,0
8266622,fb,1.595,77.3809402824,100.0,0
8236555,verizonmedia,6.1138797184374996,104.0,149.0,0
8219685,adroll,4.2448830555555555,45.0,67.84,0
8208621,verizonmedia,67.55802226,50.0,75.0,0
8277124,match2one,23.485,49.5,67.3116,0
8260731,adroll,8.9300488235294129,104.0,149.0,0
8184697,tradingviewdotcom,63.000000000000007,100.0,108.01,0
8172791,match2one,17.496190476190481,89.0,121.81,0
8186975,bing,34.725555555555552,70.0,100.0,0
8254881,google,26.15285714285714,73.7895,91.387,0
8278269,match2one,23.485,77.3809402824,100.0,0
8257279,verizonmedia,52.1206967,104.0,149.0,0
8197956,verizonmedia,5.9297682034468089,77.3809402824,100.0,0
8263554,bing,30.000000000000004,77.3809402824,100.0,0
8242670,verizonmedia,6.1138797184374996,77.3809402824,100.0,0
8266724,fb,1.3154,89.0,121.81,0
8227504,adroll,5.3058966071428566,104.0,149.0,0
8231286,google,27.1375,73.7895,91.387,0
8260676,verizonmedia,7.1699963879999995,77.3809402824,100.0,0
8201751,tradingviewdotcom,28.093333333333334,77.3809402824,100.0,0
8190994,bing,96.176666666666677,70.0,100.0,0
8239532,tradingviewdotcom,20.726153846153849,77.3809402824,100.0,0
8168632,verizonmedia,5.0051753964915262,77.3809402824,100.0,0
8207362,verizonmedia,27.300418611111109,77.3809402824,100.0,1
8204274,verizonmedia,27.300418611111109,77.3809402824,100.0,0
8203755,verizonmedia,5.9297682034468089,77.3809402824,100.0,0
8236807,tradingviewdotcom,20.726153846153849,100.0,123.0,0
8231290,tradingviewdotcom,20.726153846153849,100.0,123.0,0
8187879,bing,34.725555555555552,70.0,100.0,0
8179870,verizonmedia,5.0051753964915262,77.3809402824,100.0,0
8176543,bing,98.433333333333323,77.3809402824,100.0,0
8264731,fb,1.3154,45.0,67.84,0
8183765,verizonmedia,5.0051753964915262,104.0,149.0,0
8274408,match2one,23.485,77.3809402824,100.0,0
8252756,verizonmedia,7.1699963879999995,89.0,121.81,0
8223022,tradingviewdotcom,28.093333333333334,100.0,123.0,0
8179804,verizonmedia,5.0051753964915262,77.3809402824,100.0,0
8271021,match2one,23.485,77.3809402824,100.0,0
8235788,verizonmedia,6.1138797184374996,77.3809402824,100.0,1
8278931,google,26.15285714285714,74.3374962467,114.289063,0
8247130,bing,271.78000000000003,70.0,100.0,0
8261823,bing,69.42,77.3809402824,100.0,0
8216641,bing,98.643333333333331,89.0,121.81,0
8246246,adroll,10.154415357142858,77.3809402824,100.0,0
8260463,fb,1.595,77.3809402824,100.0,0
8212041,adroll,4.2448830555555555,104.0,149.0,0
8239637,bing,19.674999999999997,66.0,91.888717134,0
8270116,match2one,39.62,89.0,121.81,0
8264413,fb,1.3154,89.0,121.81,0
8213391,verizonmedia,5.9297682034468089,89.0,121.81,0
8260609,fb,1.595,77.3809402824,100.0,0
8220128,bing,42.437777777777775,40.0,68.0,0
8236742,verizonmedia,10.46132757375,77.3809402824,100.0,0
8170969,match2one,11.305277777777778,77.3809402824,100.0,0
8195482,tradingviewdotcom,45.605000000000004,50.0,50.0,0
8232230,adroll,10.154415357142858,77.3809402824,100.0,0
8230170,adroll,5.3058966071428566,44.0,62.6597204,0
8186029,verizonmedia,5.0051753964915262,77.3809402824,100.0,0
8259482,fb,1.595,77.3809402824,100.0,0
8262204,match2one,180.11333333333334,38.760000000000005,63.213449021935006,0
8175190,tradingviewdotcom,44.738666666666667,100.0,123.0,1
8242247,adroll,5.3058966071428566,44.0,62.6597204,0
8217903,bing,21.628,38.760000000000005,63.213449021935006,0
8231314,google,26.792222222222222,54.46335,65.5271,0
8239060,tradingviewdotcom,20.726153846153849,100.0,123.0,0
8204924,bing,18.044000000000004,98.140000000000015,100.0,1
8260626,fb,1.595,77.3809402824,100.0,0
8259337,adroll,8.9300488235294129,104.0,149.0,0
8257958,verizonmedia,7.1699963879999995,50.0,75.0,0
8266108,fb,1.3154,89.0,121.81,0
8252139,bing,110.14333333333333,38.760000000000005,63.213449021935006,0
8267172,adroll,15.03267388888889,77.3809402824,100.0,0
8242660,verizonmedia,6.1138797184374996,77.3809402824,100.0,0
8237653,bing,55.606666666666676,45.679999999999993,66.0,0
8269772,match2one,42.11,45.0,67.84,0
8259009,fb,1.595,77.3809402824,100.0,0
8211631,tradingviewdotcom,28.093333333333334,44.0,62.6597204,0
8261776,match2one,42.11,89.0,121.81,0
8174085,tradingviewdotcom,44.738666666666667,100.0,123.0,0
8207771,tradingviewdotcom,28.093333333333334,100.0,123.0,0
8238085,bing,19.674999999999997,66.0,91.888717134,0
8236872,verizonmedia,40.540468450000006,77.3809402824,100.0,0
8277221,match2one,23.485,77.3809402824,100.0,0
8232539,tradingviewdotcom,20.726153846153849,100.0,123.0,0
8198046,google,59.325,22.2398,22.2398,0
8237043,verizonmedia,6.1138797184374996,77.3809402824,100.0,0
8215169,tradingviewdotcom,28.093333333333334,77.3809402824,100.0,0
8260378,fb,1.3154,89.0,121.81,0
8266410,fb,1.3154,89.0,121.81,0
8269718,verizonmedia,7.1699963879999995,77.3809402824,100.0,0
8166737,match2one,17.496190476190481,104.0,149.0,0
8258833,google,26.15285714285714,73.7895,91.387,0
8229775,adroll,10.154415357142858,77.3809402824,100.0,0
8272548,adroll,8.9300488235294129,44.0,62.6597204,0
8225980,tradingviewdotcom,20.726153846153849,77.3809402824,100.0,0
8262883,fb,1.3154,89.0,121.81,0
8181123,match2one,40.724285714285713,77.3809402824,100.0,0
8263774,fb,1.595,77.3809402824,100.0,0
8199945,tradingviewdotcom,28.093333333333334,100.0,123.0,0
8271425,verizonmedia,7.1699963879999995,77.3809402824,100.0,0
8261519,bing,49.23,98.140000000000015,100.0,0
8215762,tradingviewdotcom,28.093333333333334,100.0,123.0,0
8241375,adroll,5.3058966071428566,44.0,62.6597204,0
8267941,bing,36.918461538461536,67.92739674305,96.0,0
8272648,adroll,8.9300488235294129,104.0,149.0,0
8250376,bing,36.055555555555557,50.0,75.0,0
8170726,verizonmedia,5.0051753964915262,77.3809402824,100.0,0
8274148,verizonmedia,7.1699963879999995,77.3809402824,100.0,0
8226366,adroll,5.3058966071428566,38.760000000000005,63.213449021935006,0
8235866,bing,19.674999999999997,66.0,91.888717134,1
8233541,adroll,10.154415357142858,77.3809402824,100.0,0
8274503,google,26.15285714285714,646.48,646.48,0
8229846,verizonmedia,6.1138797184374996,77.3809402824,100.0,0
8170777,bing,111.32,89.0,121.81,0
8213320,adroll,4.2448830555555555,104.0,149.0,0
8197870,bing,18.044000000000004,70.0,99.33,0
8262989,fb,1.595,77.3809402824,100.0,0
8219254,tradingviewdotcom,28.093333333333334,77.3809402824,100.0,0
8215916,adroll,4.2448830555555555,104.0,149.0,0
8175257,tradingviewdotcom,44.738666666666667,77.3809402824,100.0,0
8239570,bing,19.674999999999997,70.0,99.33,0
8235211,verizonmedia,6.1138797184374996,77.3809402824,100.0,0
8260356,adroll,15.03267388888889,77.3809402824,100.0,0
8258942,fb,1.3154,38.760000000000005,63.213449021935006,0
8245781,verizonmedia,40.540468450000006,77.3809402824,100.0,0
8172279,bing,52.085000000000008,45.679999999999993,66.0,0
8232434,verizonmedia,10.46132757375,77.3809402824,100.0,0
8242050,google,27.1375,73.7895,91.387,0
8232905,verizonmedia,6.1138797184374996,77.3809402824,100.0,1
8210446,bing,10.51,45.679999999999993,66.0,0
8265405,bing,110.14333333333333,50.0,75.0,1
